Title,Product url,Image url,Total reviews,Rating,Price
Timex Men's Expedition Scout 40 Watch,amazon.com/Timex-TW4B15500-Expedition-Scout-Slip-Thru/dp/B07FFBHM7F/ref=sr_1_1?keywords=watches+for+man&qid=1680718606&s=apparel&sprefix=watches+man%2Cfashion-mens-watches%2C2086&sr=1-1,https://m.media-amazon.com/images/W/IMAGERENDERING_521856-T2/images/I/91APJ9+qs2L._AC_UL320_.jpg,"(16,351)",4.4,$43.40
Amazon Essentials Men's Easy to Read Strap Watch,amazon.com/Amazon-Essentials-Silver-Tone-Black-Strap/dp/B07YQFST6X/ref=sr_1_2?keywords=watches+for+man&qid=1680718606&s=apparel&sprefix=watches+man%2Cfashion-mens-watches%2C2086&sr=1-2,https://m.media-amazon.com/images/W/IMAGERENDERING_521856-T2/images/I/81SkKZjDDyL._AC_UL320_.jpg,"(2,679)",4.4,$19.00
"Bulova Men's Icon High Precision Quartz Chronograph Watch, Curved Mineral Crystal, 300m Water Resistant, Continous Sweeping Secondhand, Luminous Markers",amazon.com/Bulova-96B175-Precisionist-Stainless-Steel/dp/B0088BMYN4/ref=sr_1_3?keywords=watches+for+man&qid=1680718606&s=apparel&sprefix=watches+man%2Cfashion-mens-watches%2C2086&sr=1-3,https://m.media-amazon.com/images/W/IMAGERENDERING_521856-T2/images/I/81dI08mZslL._AC_UL320_.jpg,"(2,814)",4.6,$542.66
Michael Kors Men's Slim Runway Stainless Steel Quartz Watch,amazon.com/Michael-Kors-Runway-Black-MK8507/dp/B01HEVAPSO/ref=sr_1_4?keywords=watches+for+man&qid=1680718606&s=apparel&sprefix=watches+man%2Cfashion-mens-watches%2C2086&sr=1-4,https://m.media-amazon.com/images/W/IMAGERENDERING_521856-T2/images/I/71sMS5i3wxL._AC_UL320_.jpg,"(10,252)",4.7,$112.51
Citizen Men's Promaster Skyhawk A-T Eco-Drive Aviator Watch,amazon.com/Citizen-Eco-Drive-Promaster-Chronograph-JY8108-53E/dp/B07VPRYWMP/ref=sr_1_5?keywords=watches+for+man&qid=1680718606&s=apparel&sprefix=watches+man%2Cfashion-mens-watches%2C2086&sr=1-5,https://m.media-amazon.com/images/W/IMAGERENDERING_521856-T2/images/I/71hW6Uc20YL._AC_UL320_.jpg,(365),4.7,
Bulova Men's Classic 6 Hand Power Reserve Leather Strap Watch,amazon.com/Bulova-Classic-Reserve-Stainless-Silver-Tone/dp/B07WMXH4FP/ref=sr_1_6?keywords=watches+for+man&qid=1680718606&s=apparel&sprefix=watches+man%2Cfashion-mens-watches%2C2086&sr=1-6,https://m.media-amazon.com/images/W/IMAGERENDERING_521856-T2/images/I/712pOLy0hrL._AC_UL320_.jpg,(245),4.5,$480.98
"Bulova Men's Marine Star 'Series A' Chronograph Quartz Watch, Luminous Markers, Rotating Dial, 100M Water Resistant, 44mm",amazon.com/Bulova-Quartz-Stainless-Silicone-Casual/dp/B01IPT25BY/ref=sr_1_7?keywords=watches+for+man&qid=1680718606&s=apparel&sprefix=watches+man%2Cfashion-mens-watches%2C2086&sr=1-7,https://m.media-amazon.com/images/W/IMAGERENDERING_521856-T2/images/I/71yXpOcP4SL._AC_UL320_.jpg,"(2,509)",4.7,$359.00
Diesel Men's Clasher Stainless Steel Analog-Digital Watch,amazon.com/Diesel-Clasher-Multi-Movement-Stainless-Analog-Digital/dp/B09Q149DGP/ref=sr_1_8?keywords=watches+for+man&qid=1680718606&s=apparel&sprefix=watches+man%2Cfashion-mens-watches%2C2086&sr=1-8,https://m.media-amazon.com/images/W/IMAGERENDERING_521856-T2/images/I/71P2SJxKWiL._AC_UL320_.jpg,(33),3.6,
Bulova Men's Classic Sutton Big Date Chronograph Watch,amazon.com/Bulova-Sutton-Chronograph-Leather-96B311/dp/B07ND2MS9J/ref=sr_1_9?keywords=watches+for+man&qid=1680718606&s=apparel&sprefix=watches+man%2Cfashion-mens-watches%2C2086&sr=1-9,https://m.media-amazon.com/images/W/IMAGERENDERING_521856-T2/images/I/71R379HkcaL._AC_UL320_.jpg,(264),4.7,$412.50
Bulova Men's Classic Sport Stainless Steel 6-Hand Chronograph Quartz Watch with 44mm Dial,amazon.com/Bulova-Classic-Quartz-Stainless-Gold-Tone/dp/B099KR6HR3/ref=sr_1_10?keywords=watches+for+man&qid=1680718606&s=apparel&sprefix=watches+man%2Cfashion-mens-watches%2C2086&sr=1-10,https://m.media-amazon.com/images/W/IMAGERENDERING_521856-T2/images/I/81-7C8D+x3L._AC_UL320_.jpg,(46),4.3,$420.75
"Bulova Classic Automatic Men's Stainless Steel with Leather Strap, Silver-Tone",amazon.com/Bulova-Classic-Automatic-Stainless-Silver-Tone/dp/B004I5GOK8/ref=sr_1_11?keywords=watches+for+man&qid=1680718606&s=apparel&sprefix=watches+man%2Cfashion-mens-watches%2C2086&sr=1-11,https://m.media-amazon.com/images/W/IMAGERENDERING_521856-T2/images/I/71mHeh9MG0L._AC_UL320_.jpg,"(1,565)",4.5,$229.99
"Bulova Men's Classic Sutton Automatic Open Aperture Watch, 43mm",amazon.com/Bulova-Mechanical-Hand-Wind-Watch-Stainless-Steel-Silver/dp/B01HGWCNS6/ref=sr_1_12?keywords=watches+for+man&qid=1680718606&s=apparel&sprefix=watches+man%2Cfashion-mens-watches%2C2086&sr=1-12,https://m.media-amazon.com/images/W/IMAGERENDERING_521856-T2/images/I/8175itzcKNL._AC_UL320_.jpg,"(1,087)",4.7,$446.25
"Bulova Men's Crystal Phantom 3-Hand Date Quartz Cushion Shaped Case Watch, Pave Crystal Dial, 40mm",amazon.com/Bulova-Quartz-Stainless-Steel-Dress/dp/B07G5R9G46/ref=sr_1_13?keywords=watches+for+man&qid=1680718606&s=apparel&sprefix=watches+man%2Cfashion-mens-watches%2C2086&sr=1-13,https://m.media-amazon.com/images/W/IMAGERENDERING_521856-T2/images/I/81juyo7KoZL._AC_UL320_.jpg,(337),4.6,$285.98
"Bulova Men's Marine Star 'Series C' Chronograph Quartz Watch, Luminous Markers, Rotating Dial, 200M Water Resistant, 45mm",amazon.com/Bulova-Two-Tone-Stainless-Chronograph-Bracelet/dp/B0713STW5H/ref=sr_1_14?keywords=watches+for+man&qid=1680718606&s=apparel&sprefix=watches+man%2Cfashion-mens-watches%2C2086&sr=1-14,https://m.media-amazon.com/images/W/IMAGERENDERING_521856-T2/images/I/81io8OejSiL._AC_UL320_.jpg,"(1,074)",4.6,$468.75
Fossil Men's Grant Stainless Steel Quartz Chronograph Watch,amazon.com/Fossil-Quartz-Stainless-Leather-Chronograph/dp/B017SN1OI8/ref=sr_1_15?keywords=watches+for+man&qid=1680718606&s=apparel&sprefix=watches+man%2Cfashion-mens-watches%2C2086&sr=1-15,https://m.media-amazon.com/images/W/IMAGERENDERING_521856-T2/images/I/81eMDGQJxkL._AC_UL320_.jpg,"(16,068)",4.7,$95.15
Emporio Armani Automatic Self-Winding Dress Watch with Stainless Steel Bracelet,amazon.com/Emporio-Armani-Automatic-Stainless-Steel/dp/B0B75L8H25/ref=sr_1_16?keywords=watches+for+man&qid=1680718606&s=apparel&sprefix=watches+man%2Cfashion-mens-watches%2C2086&sr=1-16,https://m.media-amazon.com/images/W/IMAGERENDERING_521856-T2/images/I/71Q2C3perrL._AC_UL320_.jpg,(2),5.0,
Fossil Men's Townsman Stainless Steel Mechanical Automatic Watch,amazon.com/Fossil-Stainless-Steel-Quartz-Leather/dp/B09GYP8VQ9/ref=sr_1_17?keywords=watches+for+man&qid=1680718606&s=apparel&sprefix=watches+man%2Cfashion-mens-watches%2C2086&sr=1-17,https://m.media-amazon.com/images/W/IMAGERENDERING_521856-T2/images/I/71+1BQbYOaL._AC_UL320_.jpg,"(3,097)",4.6,
Tissot Men's Tissot Chrono XL Stainless Steel Casual Watch,amazon.com/Tissot-Mens-Chrono-Classic-T1166171104701/dp/B0798FXNCV/ref=sr_1_18?keywords=watches+for+man&qid=1680718606&s=apparel&sprefix=watches+man%2Cfashion-mens-watches%2C2086&sr=1-18,https://m.media-amazon.com/images/W/IMAGERENDERING_521856-T2/images/I/61cJfgiv8nL._AC_UL320_.jpg,(163),4.5,
Fossil Men's Blue Quartz Stainless Steel Dive-Inspired Casual Watch,amazon.com/Fossil-Quartz-Stainless-Leather-Three-Hand/dp/B0B4H64GYS/ref=sr_1_19?keywords=watches+for+man&qid=1680718606&s=apparel&sprefix=watches+man%2Cfashion-mens-watches%2C2086&sr=1-19,https://m.media-amazon.com/images/W/IMAGERENDERING_521856-T2/images/I/71U3bp5hzaL._AC_UL320_.jpg,(113),4.5,
"Movado Men's Series 800 Sport Chrongraph Watch with Printed Index Dial, Black/Silver/Grey 2600142",amazon.com/Movado-Chronograph-Black-Stainless-2600142/dp/B075KLPC1W/ref=sr_1_20?keywords=watches+for+man&qid=1680718606&s=apparel&sprefix=watches+man%2Cfashion-mens-watches%2C2086&sr=1-20,https://m.media-amazon.com/images/W/IMAGERENDERING_521856-T2/images/I/8191IUcfRoL._AC_UL320_.jpg,(21),4.6,"$1,220.00"
Victorinox Swiss Army Men's Alliance Sub-Seconds Watch,amazon.com/Victorinox-Alliance-Quartz-Stainless-Casual/dp/B06Y522TVR/ref=sr_1_21?keywords=watches+for+man&qid=1680718606&s=apparel&sprefix=watches+man%2Cfashion-mens-watches%2C2086&sr=1-21,https://m.media-amazon.com/images/W/IMAGERENDERING_521856-T2/images/I/71Z6ZyuUBOL._AC_UL320_.jpg,(254),4.5,
Movado Men's 3600276 Analog Display Swiss Quartz Silver Watch,amazon.com/Movado-3600276-Analog-Display-Quartz/dp/B0119816P4/ref=sr_1_22?keywords=watches+for+man&qid=1680718606&s=apparel&sprefix=watches+man%2Cfashion-mens-watches%2C2086&sr=1-22,https://m.media-amazon.com/images/W/IMAGERENDERING_521856-T2/images/I/91xOyhPmLNL._AC_UL320_.jpg,(39),4.5,$465.00
Luminox Navy Seal XS.3603 Mens Watch 45mm - Dive Watch in Orange/Blue Date Function 200m Water Resistant,amazon.com/Luminox-Navy-SEAL-Mens-Watch/dp/B07RQ8DTXX/ref=sr_1_23?keywords=watches+for+man&qid=1680718606&s=apparel&sprefix=watches+man%2Cfashion-mens-watches%2C2086&sr=1-23,https://m.media-amazon.com/images/W/IMAGERENDERING_521856-T2/images/I/71-pkZp2I9L._AC_UL320_.jpg,(124),4.5,
"Tissot T-Sport PRC200 Chronograph Mens Watch - Stainless Steel, Grey (T0554171105700)",amazon.com/Tissot-T-Sport-PRC200-Chronograph-Watch/dp/B00AERVVZ2/ref=sr_1_24?keywords=watches+for+man&qid=1680718606&s=apparel&sprefix=watches+man%2Cfashion-mens-watches%2C2086&sr=1-24,https://m.media-amazon.com/images/W/IMAGERENDERING_521856-T2/images/I/61t6HuXjOPL._AC_UL320_.jpg,(195),4.7,
Coutura Men's Solar Diamond Dial Watch,amazon.com/SEIKO-Dress-Watch-Model-SNE506/dp/B07GM1HT42/ref=sr_1_25?keywords=watches+for+man&qid=1680718606&s=apparel&sprefix=watches+man%2Cfashion-mens-watches%2C2086&sr=1-25,https://m.media-amazon.com/images/W/IMAGERENDERING_521856-T2/images/I/81TPHqUMJoL._AC_UL320_.jpg,(153),4.7,$384.99
Tissot Men's Gentleman Auto Swiss Automatic Dress Watch with Stainless Steel Strap,amazon.com/Tissot-Gentleman-Swiss-Automatic-Stainless/dp/B0921Z5HWJ/ref=sr_1_26?keywords=watches+for+man&qid=1680718606&s=apparel&sprefix=watches+man%2Cfashion-mens-watches%2C2086&sr=1-26,https://m.media-amazon.com/images/W/IMAGERENDERING_521856-T2/images/I/519Pwrl4mLS._AC_UL320_.jpg,(87),4.6,$604.97
Seiko Men's SSC143 Stainless Steel Solar Watch with Link Bracelet,amazon.com/Seiko-SSC143-Stainless-Steel-Bracelet/dp/B00B7FY14S/ref=sr_1_27?keywords=watches+for+man&qid=1680718606&s=apparel&sprefix=watches+man%2Cfashion-mens-watches%2C2086&sr=1-27,https://m.media-amazon.com/images/W/IMAGERENDERING_521856-T2/images/I/71QwP9y21dL._AC_UL320_.jpg,(779),4.6,$241.95
SUUNTO Dx Diving Watch with USB,amazon.com/Suunto-Wrist-Computer-Silver-Elastomer/dp/B00SX750NY/ref=sr_1_28?keywords=watches+for+man&qid=1680718606&s=apparel&sprefix=watches+man%2Cfashion-mens-watches%2C2086&sr=1-28,https://m.media-amazon.com/images/W/IMAGERENDERING_521856-T2/images/I/61JQy4eT50L._AC_UL320_.jpg,(7),4.4,"$1,349.95"
Orient Stainless Steel Japanese Automatic/Hand Winding Watch with Sapphire Crystal Model: RA-AK00,amazon.com/Stainless-Japanese-Automatic-Winding-Sapphire/dp/B09NZD9W5X/ref=sr_1_29?keywords=watches+for+man&qid=1680718606&s=apparel&sprefix=watches+man%2Cfashion-mens-watches%2C2086&sr=1-29,https://m.media-amazon.com/images/W/IMAGERENDERING_521856-T2/images/I/615pfQueyyL._AC_UL320_.jpg,(95),4.8,$380.97
"Victorinox Swiss Army Alliance Sport Chronograph Watch, Black (SS Bracelet), 44mm, Watch Chronograph, Date Display, Swiss Made",amazon.com/Victorinox-Alliance-Sport-Chronograph-241816/dp/B07H2JMZJF/ref=sr_1_30?keywords=watches+for+man&qid=1680718606&s=apparel&sprefix=watches+man%2Cfashion-mens-watches%2C2086&sr=1-30,https://m.media-amazon.com/images/W/IMAGERENDERING_521856-T2/images/I/7123QnLdjmL._AC_UL320_.jpg,(49),4.7,
Omega Men's 326.30.40.50.03.001 Speed Master Racing Analog Display Swiss Automatic Silver Watch,amazon.com/Omega-326-30-40-50-03-001-Master-Display-Automatic/dp/B00BDXFU8A/ref=sr_1_31?keywords=watches+for+man&qid=1680718606&s=apparel&sprefix=watches+man%2Cfashion-mens-watches%2C2086&sr=1-31,https://m.media-amazon.com/images/W/IMAGERENDERING_521856-T2/images/I/91mxexo3LJL._AC_UL320_.jpg,(3),4.8,"$3,805.00"
"Movado Men's BOLD Thin Stainless Steel Watch with a Printed Index Dial, Silver (Model 3600260)",amazon.com/Movado-Stainless-Printed-Silver-3600260/dp/B00OU2AFIG/ref=sr_1_32?keywords=watches+for+man&qid=1680718606&s=apparel&sprefix=watches+man%2Cfashion-mens-watches%2C2086&sr=1-32,https://m.media-amazon.com/images/W/IMAGERENDERING_521856-T2/images/I/81d1+4em4yL._AC_UL320_.jpg,(233),4.6,
Skagen Men's Grenen Three-Hand Date Watch with Steel Mesh or Leather Band,amazon.com/Skagen-Mens-Grenen-Automatic-Watch/dp/B0BG1GZGLP/ref=sr_1_33?keywords=watches+for+man&qid=1680718606&s=apparel&sprefix=watches+man%2Cfashion-mens-watches%2C2086&sr=1-33,https://m.media-amazon.com/images/W/IMAGERENDERING_521856-T2/images/I/61EHv9Kvp4L._AC_UL320_.jpg,(107),4.4,$225.00
"Bulova Men's Military Heritage Hack Veteran's Watchmaking Initiative Watch in Stainless Steel with 3-Hand Automatic, Black NATO Leather Strap Style: 96A259",amazon.com/Bulova-Military-Special-Automatic-96A259/dp/B08JYLPSCK/ref=sr_1_34?keywords=watches+for+man&qid=1680718606&s=apparel&sprefix=watches+man%2Cfashion-mens-watches%2C2086&sr=1-34,https://m.media-amazon.com/images/W/IMAGERENDERING_521856-T2/images/I/714hKCR2BoL._AC_UL320_.jpg,(99),4.7,$247.50
Tissot Mens Seastar 660/1000 Stainless Steel Casual Watch,amazon.com/Tissot-T120-417-11-041-00-Seastar-Chronograph-Watch/dp/B07JWF9SYK/ref=sr_1_35?keywords=watches+for+man&qid=1680718606&s=apparel&sprefix=watches+man%2Cfashion-mens-watches%2C2086&sr=1-35,https://m.media-amazon.com/images/W/IMAGERENDERING_521856-T2/images/I/61JQlsl6XCL._AC_UL320_.jpg,(208),4.4,$390.00
Longines Conquest L3.760.4.96.6 Blue dial Stainless Steel 43mm,amazon.com/Longines-Conquest-L3-760-4-96-6-Stainless-Steel/dp/B06ZYJH2G4/ref=sr_1_36?keywords=watches+for+man&qid=1680718606&s=apparel&sprefix=watches+man%2Cfashion-mens-watches%2C2086&sr=1-36,https://m.media-amazon.com/images/W/IMAGERENDERING_521856-T2/images/I/51Xx-XfAFqL._AC_UL320_.jpg,(8),4.0,
Men's Movado Museum Classic Black PVD Stainless Steel Mesh Bracelet Watch 0607395,amazon.com/Movado-Classic-Stainless-Bracelet-0607395/dp/B00F6TJZBU/ref=sr_1_37?keywords=watches+for+man&qid=1680718606&s=apparel&sprefix=watches+man%2Cfashion-mens-watches%2C2086&sr=1-37,https://m.media-amazon.com/images/W/IMAGERENDERING_521856-T2/images/I/61pYA-gXxbL._AC_UL320_.jpg,(16),4.0,$620.00
Timex Men's Expedition Metal Field Watch,amazon.com/Timex-T49870-Expedition-Metal-Leather/dp/B004VRD6FY/ref=sr_1_38?keywords=watches+for+man&qid=1680718606&s=apparel&sprefix=watches+man%2Cfashion-mens-watches%2C2086&sr=1-38,https://m.media-amazon.com/images/W/IMAGERENDERING_521856-T2/images/I/81VTDAH0ESL._AC_UL320_.jpg,"(8,315)",4.5,$39.90
Diesel Men's Flayed Automatic Stainless Steel Mechanical Skeleton Dial Watch,amazon.com/Diesel-Flayed-Automatic-Stainless-Mechanical/dp/B0BHC3MYN6/ref=sr_1_39?keywords=watches+for+man&qid=1680718606&s=apparel&sprefix=watches+man%2Cfashion-mens-watches%2C2086&sr=1-39,https://m.media-amazon.com/images/W/IMAGERENDERING_521856-T2/images/I/61hzKy+HzEL._AC_UL320_.jpg,(3),5.0,
"Tissot Dress Watch (Model: T1274104404100), Grey",amazon.com/Tissot-Gentleman-Quartz-Swiss-Titanium/dp/B092RGLRXB/ref=sr_1_40?keywords=watches+for+man&qid=1680718606&s=apparel&sprefix=watches+man%2Cfashion-mens-watches%2C2086&sr=1-40,https://m.media-amazon.com/images/W/IMAGERENDERING_521856-T2/images/I/51TsyzVoXdS._AC_UL320_.jpg,(19),4.8,$387.73
Omega Men's 42410372001001 Analog Display Swiss Automatic Silver Watch,amazon.com/Omega-42410372001001-Analog-Display-Automatic/dp/B00D3YM4AY/ref=sr_1_41?keywords=watches+for+man&qid=1680718606&s=apparel&sprefix=watches+man%2Cfashion-mens-watches%2C2086&sr=1-41,https://m.media-amazon.com/images/W/IMAGERENDERING_521856-T2/images/I/81T2Y3uK2kL._AC_UL320_.jpg,(3),4.7,"$2,500.00"
Bulova Men's Classic Maquina Automatic Open Aperture Watch,amazon.com/Bulova-Automatic-Stainless-Steel-Casual/dp/B01M9ID1CW/ref=sr_1_42?keywords=watches+for+man&qid=1680718606&s=apparel&sprefix=watches+man%2Cfashion-mens-watches%2C2086&sr=1-42,https://m.media-amazon.com/images/W/IMAGERENDERING_521856-T2/images/I/61XCALtBCeL._AC_UL320_.jpg,(943),4.7,$449.13
"Citizen Eco-Drive Promaster Sailhawk Mens Watch, Stainless Steel with Polyurethane Strap, Dive Watch",amazon.com/Citizen-Stainless-Quartz-Diving-Rubber/dp/B082XX7KQ4/ref=sr_1_43?keywords=watches+for+man&qid=1680718606&s=apparel&sprefix=watches+man%2Cfashion-mens-watches%2C2086&sr=1-43,https://m.media-amazon.com/images/W/IMAGERENDERING_521856-T2/images/I/81mtlqa5jDL._AC_UL320_.jpg,(407),4.2,$395.00
"Citizen Men's Eco-Drive Weekender Chronograph Watch in Black IP Stainless Steel with Brown Leather strap, Black Dial (Model: AT2447-01E)",amazon.com/Citizen-Watches-AT2447-01E-Drive-Brown/dp/B07MHJQQW8/ref=sr_1_44?keywords=watches+for+man&qid=1680718606&s=apparel&sprefix=watches+man%2Cfashion-mens-watches%2C2086&sr=1-44,https://m.media-amazon.com/images/W/IMAGERENDERING_521856-T2/images/I/91JK8xNmoCL._AC_UL320_.jpg,(234),4.4,
Coutura Men's Solar Perpetual Calendar Alarm Chronograph Watch,amazon.com/Coutura-Solar-Perpetual-Calendar-Chronograph/dp/B014AR6CCI/ref=sr_1_45?keywords=watches+for+man&qid=1680718606&s=apparel&sprefix=watches+man%2Cfashion-mens-watches%2C2086&sr=1-45,https://m.media-amazon.com/images/W/IMAGERENDERING_521856-T2/images/I/81toXzmEmEL._AC_UL320_.jpg,(784),4.6,$371.25
"Citizen Eco-Drive Chandler Mens Watch, Stainless Steel, Weekender",amazon.com/Citizen-Eco-Drive-Stainless-Steel-BM6550-58E/dp/B0012IRYSA/ref=sr_1_46?keywords=watches+for+man&qid=1680718606&s=apparel&sprefix=watches+man%2Cfashion-mens-watches%2C2086&sr=1-46,https://m.media-amazon.com/images/W/IMAGERENDERING_521856-T2/images/I/71r+9vmxa3L._AC_UL320_.jpg,(735),4.6,
Orient Men's Japanese Automatic/Hand-Winding Watch Dress Watch with Sapphire Crystal Model: RA-AK03,amazon.com/Japanese-Automatic-Hand-Winding-RA-AK03-Sapphire/dp/B09NZGX71S/ref=sr_1_47?keywords=watches+for+man&qid=1680718606&s=apparel&sprefix=watches+man%2Cfashion-mens-watches%2C2086&sr=1-47,https://m.media-amazon.com/images/W/IMAGERENDERING_521856-T2/images/I/61HtSCg2-tL._AC_UL320_.jpg,(18),4.8,$355.00
"Movado Men's Bold Verso Swiss Quartz Watch with Stainless Steel Link Bracelet, Gold Plated",amazon.com/Movado-Swiss-Quartz-Stainless-Yellow/dp/B08XC5N86M/ref=sr_1_48?keywords=watches+for+man&qid=1680718606&s=apparel&sprefix=watches+man%2Cfashion-mens-watches%2C2086&sr=1-48,https://m.media-amazon.com/images/W/IMAGERENDERING_521856-T2/images/I/81GVau5VsWL._AC_UL320_.jpg,(48),4.6,$700.00
